style_id,name,sex,length,texture,face_fit,asset_id,image,image_credit,guide
M001,아이비리그 컷,male,short,straight,"{""계란형"": 0.95, ""둥근형"": 0.4, ""사각형"": 0.35, ""긴형"": 0.45, ""하트형"": 0.75, ""다이아몬드"": 0.8}",,/static/hair/M001.jpg,,"전체적으로 짧고 앞머리를 위로 세운 스포티한 스타일 (무드: 샤프함, 스포티 / 시술·스타일링: 다운펌, 하드 왁스 스타일링)"
M002,드랍컷,male,short,straight,"{""계란형"": 0.95, ""둥근형"": 0.7, ""사각형"": 0.5, ""긴형"": 0.6, ""하트형"": 0.8, ""다이아몬드"": 0.85}",,/static/hair/M002.jpg,,"앞머리 가운데는 올리고 양옆은 내리는 스타일 (무드: 트렌디, 시크 / 시술·스타일링: 다운펌, 포마드/왁스)"
M003,플랫컷 (파일럿컷),male,short,straight,"{""계란형"": 0.95, ""둥근형"": 0.65, ""사각형"": 0.4, ""긴형"": 0.5, ""하트형"": 0.85, ""다이아몬드"": 0.8}",,/static/hair/M003.jpg,,"윗머리를 평평하게 깎고 옆머리를 바짝 붙인 스퀘어 형태 (무드: 남성적, 강인함 / 시술·스타일링: 다운펌, 매트 왁스)"
M004,클래식 리젠트컷,male,short,straight,"{""계란형"": 0.95, ""둥근형"": 0.75, ""사각형"": 0.55, ""긴형"": 0.5, ""하트형"": 0.75, ""다이아몬드"": 0.8}",,/static/hair/M004.jpg,,"앞머리를 넘겨 이마를 드러내고 옆머리를 깔끔하게 정리 (무드: 신뢰감, 포멀 / 시술·스타일링: 왁스, 스프레이 고정)"
M005,크롭컷,male,short,straight,"{""계란형"": 0.9, ""둥근형"": 0.6, ""사각형"": 0.45, ""긴형"": 0.7, ""하트형"": 0.7, ""다이아몬드"": 0.75}",,/static/hair/M005.jpg,,"앞머리를 짧고 무겁게 뚝 떨어뜨리는 라인의 유니크한 숏컷 (무드: 반항적, 힙함 / 시술·스타일링: 다운펌 필수, 매트 소프트 왁스)"
M006,소프트 투블럭 숏컷,male,short,straight,"{""계란형"": 1.0, ""둥근형"": 0.85, ""사각형"": 0.75, ""긴형"": 0.75, ""하트형"": 0.8, ""다이아몬드"": 0.85}",,/static/hair/M006.jpg,,"투블럭 라인을 길게 남겨 자연스럽게 연결한 짧은 댄디 (무드: 무난함, 깔끔 / 시술·스타일링: 소프트 왁스, 볼륨펌)"
M007,사이드파트 포마드,male,short,straight,"{""계란형"": 0.95, ""둥근형"": 0.65, ""사각형"": 0.6, ""긴형"": 0.55, ""하트형"": 0.8, ""다이아몬드"": 0.85}",,/static/hair/M007.jpg,,"정통 바버샵 스타일의 가르마를 타서 깔끔히 넘긴 머리 (무드: 젠틀, 포멀 / 시술·스타일링: 포마드, 그루밍 토닉)"
M008,스킨페이드 컷,male,short,straight,"{""계란형"": 0.9, ""둥근형"": 0.5, ""사각형"": 0.4, ""긴형"": 0.6, ""하트형"": 0.75, ""다이아몬드"": 0.75}",,/static/hair/M008.jpg,,"밑머리를 살이 비치도록 아주 하얗게 그러데이션한 스타일 (무드: 강렬함, 바버샵 / 시술·스타일링: 정기적인 바버샵 이발)"
M009,버즈컷,male,short,straight,"{""계란형"": 0.9, ""둥근형"": 0.4, ""사각형"": 0.35, ""긴형"": 0.5, ""하트형"": 0.7, ""다이아몬드"": 0.75}",,/static/hair/M009.jpg,,"일명 반삭발 스타일로 두상 라인을 그대로 드러내는 컷 (무드: 미니멀, 와일드 / 시술·스타일링: 두상 관리 필요)"
M010,파일럿 컷,male,short,straight,"{""계란형"": 0.95, ""둥근형"": 0.6, ""사각형"": 0.45, ""긴형"": 0.55, ""하트형"": 0.8, ""다이아몬드"": 0.8}",,/static/hair/M010.jpg,,"플랫컷보다 앞머리 질감을 살려 가볍게 뻗치게 만든 머리 (무드: 스포티, 힙함 / 시술·스타일링: 왁스 및 컬크림)"
M011,시스루 댄디컷,male,medium,straight,"{""계란형"": 1.0, ""둥근형"": 0.95, ""사각형"": 0.8, ""긴형"": 0.85, ""하트형"": 0.85, ""다이아몬드"": 0.9}",,/static/hair/M011.jpg,,"앞머리 숱을 쳐서 이마가 은은하게 비치게 만든 정석 스타일 (무드: 남친룩, 내추럴 / 시술·스타일링: 볼륨매직, 에센스 스타일링)"
M012,애즈펌,male,medium,wavy,"{""계란형"": 1.0, ""둥근형"": 0.9, ""사각형"": 0.85, ""긴형"": 0.85, ""하트형"": 0.9, ""다이아몬드"": 0.95}",,/static/hair/M012.jpg,,"자연스럽게 이마를 아주 살짝만 노출하는 국민 가르마 펌 (무드: 부드러움, 댄디 / 시술·스타일링: 가르마 펌, 그루밍 토닉)"
M013,가르마펌 (5:5),male,medium,wavy,"{""계란형"": 0.95, ""둥근형"": 0.85, ""사각형"": 0.75, ""긴형"": 0.9, ""하트형"": 0.85, ""다이아몬드"": 0.85}",,/static/hair/M013.jpg,,"이마를 확실하게 열어 양옆으로 부드럽게 흐르게 하는 스타일 (무드: 지적임, 클래식 / 시술·스타일링: 디지털 펌, 롤브러시 드라이)"
M014,가일 컷/펌,male,medium,straight,"{""계란형"": 1.0, ""둥근형"": 0.85, ""사각형"": 0.8, ""긴형"": 0.7, ""하트형"": 0.85, ""다이아몬드"": 0.9}",,/static/hair/M014.jpg,,"한쪽 앞머리는 내리고 한쪽은 깔끔하게 넘긴 비대칭 스타일 (무드: 섹시함, 스마트 / 시술·스타일링: 다운펌, 포마드 가죽왁스)"
M015,섀도우펌,male,medium,wavy,"{""계란형"": 0.95, ""둥근형"": 0.9, ""사각형"": 0.85, ""긴형"": 0.65, ""하트형"": 0.8, ""다이아몬드"": 0.85}",,/static/hair/M015.jpg,,"S컬의 부드러운 웨이브가 믹스되어 입체적 볼륨을 주는 머리 (무드: 멍뭉미, 귀여움 / 시술·스타일링: 일반 펌, 컬크림 스타일링)"
M016,스핀스왈로펌,male,medium,wavy,"{""계란형"": 0.9, ""둥근형"": 0.85, ""사각형"": 0.8, ""긴형"": 0.6, ""하트형"": 0.75, ""다이아몬드"": 0.8}",,/static/hair/M016.jpg,,"부스스하고 거친 텍스처로 뾰족하게 뻗치는 반항적 스타일 (무드: 와일드, 개성적 / 시술·스타일링: 핀컬 펌, 매트 왁스 필수)"
M017,블레이드펌,male,medium,wavy,"{""계란형"": 0.95, ""둥근형"": 0.85, ""사각형"": 0.8, ""긴형"": 0.65, ""하트형"": 0.8, ""다이아몬드"": 0.85}",,/static/hair/M017.jpg,,"스핀스왈로보다 컬이 덜 뻗치고 깔끔하게 흐르는 트렌디 펌 (무드: 시크, 세련됨 / 시술·스타일링: 트위스트 펌, 에센스)"
M018,쉼표머리,male,medium,wavy,"{""계란형"": 0.95, ""둥근형"": 0.85, ""사각형"": 0.75, ""긴형"": 0.75, ""하트형"": 0.85, ""다이아몬드"": 0.85}",,/static/hair/M018.jpg,,"앞머리 한쪽을 하트 모양이나 쉼표(,) 모양으로 구부린 스타일 (무드: 아이돌, 화려함 / 시술·스타일링: 매직기 드라이, 스프레이 고정)"
M019,베이비펌,male,medium,wavy,"{""계란형"": 0.9, ""둥근형"": 0.8, ""사각형"": 0.75, ""긴형"": 0.55, ""하트형"": 0.75, ""다이아몬드"": 0.8}",,/static/hair/M019.jpg,,"뽀글뽀글하고 탄력 있는 볼륨감 넘치는 컬로 연출한 머리 (무드: 귀여움, 동안 / 시술·스타일링: 일반 트위스트 펌, 컬크림)"
M020,클래식 울프컷,male,medium,straight,"{""계란형"": 0.9, ""둥근형"": 0.6, ""사각형"": 0.5, ""긴형"": 0.85, ""하트형"": 0.7, ""다이아몬드"": 0.75}",,/static/hair/M020.jpg,,"옆머리는 치고 뒷머리를 깃털처럼 길게 빼는 레트로 스타일 (무드: 레트로, 유니크 / 시술·스타일링: 다운펌 및 뒷머리 기르기)"
M021,소프트 리프컷,male,medium,straight,"{""계란형"": 1.0, ""둥근형"": 0.85, ""사각형"": 0.8, ""긴형"": 0.85, ""하트형"": 0.85, ""다이아몬드"": 0.9}",,/static/hair/M021.jpg,,"세미 기장의 리프컷으로 과하지 않게 넘기는 댄디 장발 (무드: 젠틀, 감성적 / 시술·스타일링: 볼륨 펌, 오일 에센스)"
M022,슬릭 가일컷,male,medium,straight,"{""계란형"": 0.95, ""둥근형"": 0.8, ""사각형"": 0.75, ""긴형"": 0.7, ""하트형"": 0.85, ""다이아몬드"": 0.9}",,/static/hair/M022.jpg,,"가일컷 베이스에 질감을 아주 가볍고 슬릭하게 뺀 스타일 (무드: 도시적, 차가움 / 시술·스타일링: 매직 스트레이트, 폴리쉬 오일)"
M023,볼륨 매직 댄디,male,medium,straight,"{""계란형"": 0.95, ""둥근형"": 0.8, ""사각형"": 0.75, ""긴형"": 0.85, ""하트형"": 0.8, ""다이아몬드"": 0.85}",,/static/hair/M023.jpg,,"곱슬기를 완벽하게 펴서 차분하고 정돈된 느낌을 주는 스타일 (무드: 모범생, 깔끔 / 시술·스타일링: 볼륨매직 시술)"
M024,믹스 펌,male,medium,wavy,"{""계란형"": 1.0, ""둥근형"": 0.9, ""사각형"": 0.8, ""긴형"": 0.75, ""하트형"": 0.85, ""다이아몬드"": 0.85}",,/static/hair/M024.jpg,,"C컬 and S컬을 섞어 자연스러운 흐름을 연출한 펌 스타일 (무드: 무난함, 내추럴 / 시술·스타일링: 일반 믹스 펌, 컬크림)"
M025,시스루 쉐도우,male,medium,wavy,"{""계란형"": 0.95, ""둥근형"": 0.95, ""사각형"": 0.8, ""긴형"": 0.7, ""하트형"": 0.85, ""다이아몬드"": 0.85}",,/static/hair/M025.jpg,,"기존 쉐도우 펌보다 앞머리를 훨씬 가볍게 떨어트린 머리 (무드: 소프트, 트렌디 / 시술·스타일링: 텍스처 펌, 컬에센스)"
M026,포워드 레이어드,male,medium,straight,"{""계란형"": 0.95, ""둥근형"": 0.85, ""사각형"": 0.8, ""긴형"": 0.7, ""하트형"": 0.8, ""다이아몬드"": 0.85}",,/static/hair/M026.jpg,,"앞쪽으로 쏟아지듯 층을 내어 텍스처를 살린 모던한 스타일 (무드: 도시적, 미래적 / 시술·스타일링: 레이어드 컷, 소프트 왁스)"
M027,소프트 투블럭 상고,male,medium,straight,"{""계란형"": 1.0, ""둥근형"": 0.9, ""사각형"": 0.85, ""긴형"": 0.8, ""하트형"": 0.85, ""다이아몬드"": 0.85}",,/static/hair/M027.jpg,,"옆머리는 깔끔하게 치고 뒷머리는 볼륨감 있게 올린 상고 (무드: 정석, 깔끔 / 시술·스타일링: 상고 커트, 상시 정돈)"
M028,리젠트 펌,male,medium,straight,"{""계란형"": 0.95, ""둥근형"": 0.8, ""사각형"": 0.7, ""긴형"": 0.6, ""하트형"": 0.8, ""다이아몬드"": 0.85}",,/static/hair/M028.jpg,,"가볍게 올릴 수 있도록 펌으로 모근 방향을 잡아둔 스타일 (무드: 스마트, 깔끔 / 시술·스타일링: 리젠트 펌, 하드 스프레이)"
M029,원블럭 댄디,male,medium,straight,"{""계란형"": 1.0, ""둥근형"": 0.9, ""사각형"": 0.8, ""긴형"": 0.85, ""하트형"": 0.85, ""다이아몬드"": 0.85}",,/static/hair/M029.jpg,,"안쪽을 하얗게 밀지 않고 연결감 있게 자른 내추럴 댄디 (무드: 자연스러움 / 시술·스타일링: 원블럭 커트, 다운펌)"
M030,트위스트 펌,male,medium,wavy,"{""계란형"": 0.9, ""둥근형"": 0.75, ""사각형"": 0.7, ""긴형"": 0.6, ""하트형"": 0.75, ""다이아몬드"": 0.8}",,/static/hair/M030.jpg,,"자잘하고 힙한 웨이브로 개성을 극대화한 레트로 펌 (무드: 자유분방, 예술가 / 시술·스타일링: 트위스트 펌, 무스/젤 스타일링)"
M031,오리지널 리프컷,male,long,wavy,"{""계란형"": 0.95, ""둥근형"": 0.8, ""사각형"": 0.85, ""긴형"": 0.9, ""하트형"": 0.85, ""다이아몬드"": 0.9}",,/static/hair/M031.jpg,,"나뭇잎 모양처럼 부드럽게 귀 뒤로 넘어가는 정통 남성 장발 (무드: 예술가, 우아함 / 시술·스타일링: 볼륨 펌, 리프 펌 필수)"
M032,예수머리,male,long,wavy,"{""계란형"": 0.9, ""둥근형"": 0.7, ""사각형"": 0.8, ""긴형"": 0.85, ""하트형"": 0.8, ""다이아몬드"": 0.85}",,/static/hair/M032.jpg,,"어깨선까지 자연스럽게 기른 후 굵은 웨이브를 넣은 장발 (무드: 보헤미안, 와일드 / 시술·스타일링: 굵은 히피펌/웨이브펌)"
M033,맨 번 (Man Bun),male,long,straight,"{""계란형"": 0.95, ""둥근형"": 0.6, ""사각형"": 0.8, ""긴형"": 0.65, ""하트형"": 0.85, ""다이아몬드"": 0.85}",,/static/hair/M033.jpg,,"기른 머리를 정수리나 뒤통수 쪽으로 묶어 올린 상투 스타일 (무드: 예술가, 힙함 / 시술·스타일링: 헤어 밴드, 왁스 고정)"
M034,남자 히피펌,male,long,wavy,"{""계란형"": 0.9, ""둥근형"": 0.75, ""사각형"": 0.8, ""긴형"": 0.7, ""하트형"": 0.75, ""다이아몬드"": 0.8}",,/static/hair/M034.jpg,,"장발 베이스에 뿌리부터 촘촘한 컬을 넣어 히피 무드를 연출 (무드: 자유분방, 빈티지 / 시술·스타일링: 예수머리 펌, 에센스 듬뿍)"
M035,남자 허쉬컷,male,long,straight,"{""계란형"": 0.95, ""둥근형"": 0.8, ""사각형"": 0.85, ""긴형"": 0.85, ""하트형"": 0.8, ""다이아몬드"": 0.85}",,/static/hair/M035.jpg,,"끝처리를 가볍게 날려서 부스스하고 가벼운 무드를 내는 장발 (무드: 퇴폐미, 락시크 / 시술·스타일링: 질감 처리 커트, 폴리쉬 오일)"
M036,롱 울프컷,male,long,straight,"{""계란형"": 0.9, ""둥근형"": 0.6, ""사각형"": 0.6, ""긴형"": 0.85, ""하트형"": 0.7, ""다이아몬드"": 0.75}",,/static/hair/M036.jpg,,"뒷머리를 어깨 밑까지 길게 늘어뜨려 유니크함을 극대화 (무드: 스트릿, 힙함 / 시술·스타일링: 울프 커트, 컬크림)"
M037,세미 투블럭 롱,male,long,straight,"{""계란형"": 0.95, ""둥근형"": 0.8, ""사각형"": 0.8, ""긴형"": 0.85, ""하트형"": 0.85, ""다이아몬드"": 0.85}",,/static/hair/M037.jpg,,"안쪽은 슬림하게 다운펌으로 누르고 겉머리만 길게 늘어뜨린 장발 (무드: 깔끔한 장발 / 시술·스타일링: 다운펌, 볼륨매직)"
M038,드레드락,male,long,wavy,"{""계란형"": 0.85, ""둥근형"": 0.5, ""사각형"": 0.5, ""긴형"": 0.6, ""하트형"": 0.7, ""다이아몬드"": 0.7}",,/static/hair/M038.jpg,,"머리카락을 촘촘하게 땋거나 뭉쳐서 고정한 정통 힙합 스타일 (무드: 레게, 레어 / 시술·스타일링: 특수 헤어 시술)"
M039,콘로우,male,long,straight,"{""계란형"": 0.85, ""둥근형"": 0.45, ""사각형"": 0.45, ""긴형"": 0.55, ""하트형"": 0.7, ""다이아몬드"": 0.7}",,/static/hair/M039.jpg,,"두피에 밀착하여 머리를 줄지어 땋아 내린 스포티 힙합 스타일 (무드: 스포티, 힙합 / 시술·스타일링: 특수 헤어 땋기)"
M040,아프로 헤어,male,long,wavy,"{""계란형"": 0.85, ""둥근형"": 0.5, ""사각형"": 0.45, ""긴형"": 0.55, ""하트형"": 0.7, ""다이아몬드"": 0.7}",,/static/hair/M040.jpg,,"둥근 핀컬펌으로 머리를 사방으로 크게 부풀린 유니크 스타일 (무드: 올드스쿨, 팝 / 시술·스타일링: 아프로 펌)"
F001,픽시 컷,female,short,straight,"{""계란형"": 0.95, ""둥근형"": 0.6, ""사각형"": 0.65, ""긴형"": 0.55, ""하트형"": 0.85, ""다이아몬드"": 0.9}",,/static/hair/F001.jpg,,"보이시하면서도 세련된 아주 짧은 숏컷 스타일 (무드: 보이시, 시크 / 시술·스타일링: 볼륨매직, 다운펌 필수)"
F002,태슬 컷,female,short,straight,"{""계란형"": 0.95, ""둥근형"": 0.7, ""사각형"": 0.6, ""긴형"": 0.85, ""하트형"": 0.8, ""다이아몬드"": 0.85}",,/static/hair/F002.jpg,,"칼단발 라인 끝을 가볍게 질감 처리하여 태슬처럼 떨어뜨린 머리 (무드: 도시적, 세련됨 / 시술·스타일링: 매직 스트레이트, 폴리쉬 오일)"
F003,보니 컷,female,short,wavy,"{""계란형"": 1.0, ""둥근형"": 0.85, ""사각형"": 0.75, ""긴형"": 0.85, ""하트형"": 0.85, ""다이아몬드"": 0.85}",,/static/hair/F003.jpg,,"뒤는 볼륨감 있게 살리고 옆은 C컬로 살짝 말린 정석 단발 (무드: 러블리, 동안 / 시술·스타일링: 단발 C컬펌)"
F004,모즈 컷,female,short,wavy,"{""계란형"": 1.0, ""둥근형"": 0.85, ""사각형"": 0.8, ""긴형"": 0.85, ""하트형"": 0.85, ""다이아몬드"": 0.85}",,/static/hair/F004.jpg,,"턱선 라인에서 자연스럽게 안으로 말려 우아함을 주는 단발 (무드: 차분함, 성숙함 / 시술·스타일링: 단발 모즈펌, 롤 드라이)"
F005,단발 히피펌,female,short,wavy,"{""계란형"": 0.9, ""둥근형"": 0.85, ""사각형"": 0.8, ""긴형"": 0.55, ""하트형"": 0.75, ""다이아몬드"": 0.8}",,/static/hair/F005.jpg,,"단발 기장에 뿌리부터 강한 컬을 넣어 통통 튀는 무드 연출 (무드: 발랄함, 레트로 / 시술·스타일링: 히피 펌, 컬에센스 필수)"
F006,리프 컷 (여성),female,short,straight,"{""계란형"": 0.95, ""둥근형"": 0.75, ""사각형"": 0.75, ""긴형"": 0.85, ""하트형"": 0.85, ""다이아몬드"": 0.9}",,/static/hair/F006.jpg,,"숏컷 베이스에 나뭇잎처럼 앞머리 라인이 흐르는 우아한 스타일 (무드: 세련됨, 커리어 / 시술·스타일링: 볼륨 펌)"
F007,단발 바디펌,female,short,wavy,"{""계란형"": 0.95, ""둥근형"": 0.85, ""사각형"": 0.8, ""긴형"": 0.75, ""하트형"": 0.85, ""다이아몬드"": 0.85}",,/static/hair/F007.jpg,,"S컬과 C컬이 믹스되어 어깨선에서 자갈치처럼 뻗치는 스타일 (무드: 발랄함, 페미닌 / 시술·스타일링: 바디 펌)"
F008,칼단발 (원랭스),female,short,straight,"{""계란형"": 0.95, ""둥근형"": 0.65, ""사각형"": 0.5, ""긴형"": 0.85, ""하트형"": 0.8, ""다이아몬드"": 0.8}",,/static/hair/F008.jpg,,"층이 전혀 없이 일자로 뚝 떨어지는 시크한 정통 단발 (무드: 도도함, 정교함 / 시술·스타일링: 볼륨 매직 필수)"
F009,소프트 러블리펌,female,short,wavy,"{""계란형"": 0.95, ""둥근형"": 0.9, ""사각형"": 0.8, ""긴형"": 0.65, ""하트형"": 0.8, ""다이아몬드"": 0.85}",,/static/hair/F009.jpg,,"단발에 굵고 부드러운 S컬을 넣어 러블리함을 강조 (무드: 사랑스러움 / 시술·스타일링: 디지털 펌, 컬크림)"
F010,단발 허쉬컷,female,short,straight,"{""계란형"": 0.95, ""둥근형"": 0.8, ""사각형"": 0.85, ""긴형"": 0.85, ""하트형"": 0.8, ""다이아몬드"": 0.85}",,/static/hair/F010.jpg,,"단발에 레이어드를 많이 내어 가볍고 보이시하게 만든 머리 (무드: 트렌디, 힙함 / 시술·스타일링: 허쉬 컷, 매트 오일)"
F011,빌드 펌,female,medium,wavy,"{""계란형"": 1.0, ""둥근형"": 0.95, ""사각형"": 0.85, ""긴형"": 0.85, ""하트형"": 0.9, ""다이아몬드"": 0.9}",,/static/hair/F011.jpg,,"C컬과 S컬이 결합하여 자연스러운 볼륨감을 주는 중단발 여신머리 (무드: 우아함, 페미닌 / 시술·스타일링: 셋팅 펌, 뒤로 돌려 말리기)"
F012,윈드 컷/펌,female,medium,straight,"{""계란형"": 1.0, ""둥근형"": 0.9, ""사각형"": 0.8, ""긴형"": 0.85, ""하트형"": 0.85, ""다이아몬드"": 0.9}",,/static/hair/F012.jpg,,"레이어드 컷 베이스에 바람에 날린 듯 가벼운 C컬을 넣은 중단발 (무드: 자연스러움, 청순 / 시술·스타일링: 윈드 펌, 에센스)"
F013,플리츠 펌,female,medium,wavy,"{""계란형"": 0.95, ""둥근형"": 0.85, ""사각형"": 0.8, ""긴형"": 0.85, ""하트형"": 0.85, ""다이아몬드"": 0.85}",,/static/hair/F013.jpg,,"중단발 기장에서 끝부분만 밖으로 가볍게 뻗치게 연출한 펌 (무드: 세련됨, 모던 / 시술·스타일링: 플리츠 펌, 폴리쉬 오일)"
F014,보더 컷,female,medium,straight,"{""계란형"": 1.0, ""둥근형"": 0.9, ""사각형"": 0.85, ""긴형"": 0.8, ""하트형"": 0.85, ""다이아몬드"": 0.85}",,/static/hair/F014.jpg,,"어깨라인에 닿는 기장에 가벼운 층을 주어 거지존을 극복 (무드: 내추럴, 시크 / 시술·스타일링: 레이어드 커트)"
F015,레인 펌,female,medium,wavy,"{""계란형"": 0.95, ""둥근형"": 0.9, ""사각형"": 0.8, ""긴형"": 0.7, ""하트형"": 0.8, ""다이아몬드"": 0.85}",,/static/hair/F015.jpg,,"중단발 기장에서 위에서부터 굵직한 웨이브가 수직으로 흐르는 펌 (무드: 감성적, 촉촉함 / 시술·스타일링: 젤리 펌, 글레이즈 무스)"
F016,중단발 레이어드,female,medium,straight,"{""계란형"": 1.0, ""둥근형"": 0.9, ""사각형"": 0.85, ""긴형"": 0.8, ""하트형"": 0.85, ""다이아몬드"": 0.85}",,/static/hair/F016.jpg,,"어깨 기장에서 무겁지 않게 층을 촘촘히 내어 세련미를 살린 컷 (무드: 샤프함, 도회적 / 시술·스타일링: 레이어드 컷, C컬드라이)"
F017,허쉬 펌,female,medium,wavy,"{""계란형"": 0.95, ""둥근형"": 0.85, ""사각형"": 0.85, ""긴형"": 0.85, ""하트형"": 0.8, ""다이아몬드"": 0.85}",,/static/hair/F017.jpg,,"중단발 허쉬컷에 자연스러운 컬을 넣어 손질을 편하게 만든 펌 (무드: 락시크, 힙함 / 시술·스타일링: 허쉬 펌, 컬크림 스타일링)"
F018,쿠션 펌,female,medium,wavy,"{""계란형"": 0.95, ""둥근형"": 0.9, ""사각형"": 0.8, ""긴형"": 0.75, ""하트형"": 0.85, ""다이아몬드"": 0.85}",,/static/hair/F018.jpg,,"마치 쿠션처럼 빵빵한 볼륨감을 자갈치 C컬 형태로 표현한 펌 (무드: 말랑말랑, 귀여움 / 시술·스타일링: 셋팅 펌, 볼륨 드라이)"
F019,플라워 펌,female,medium,wavy,"{""계란형"": 0.95, ""둥근형"": 0.95, ""사각형"": 0.85, ""긴형"": 0.7, ""하트형"": 0.8, ""다이아몬드"": 0.85}",,/static/hair/F019.jpg,,"꽃이 피어나는 듯 풍성하고 생기 있는 S컬 웨이브를 준 머리 (무드: 화려함, 발랄함 / 시술·스타일링: 디지털 웨이브 펌)"
F020,프릴 펌,female,medium,wavy,"{""계란형"": 1.0, ""둥근형"": 0.9, ""사각형"": 0.8, ""긴형"": 0.8, ""하트형"": 0.85, ""다이아몬드"": 0.85}",,/static/hair/F020.jpg,,"끝부분 가닥가닥에 프릴 같은 잔물결 느낌의 컬을 준 내추럴 펌 (무드: 소녀감성, 청순 / 시술·스타일링: 프릴 펌, 헤어 에센스)"
F021,엘리자벳 펌,female,long,wavy,"{""계란형"": 1.0, ""둥근형"": 0.95, ""사각형"": 0.9, ""긴형"": 0.85, ""하트형"": 0.95, ""다이아몬드"": 0.95}",,/static/hair/F021.jpg,,"긴 머리 S컬 여신머리의 정석. 사이드뱅과 굵은 웨이브의 조화 (무드: 여신무드, 화려함 / 시술·스타일링: 매직셋팅 복합펌)"
F022,슬릭 컷,female,long,straight,"{""계란형"": 0.95, ""둥근형"": 0.65, ""사각형"": 0.55, ""긴형"": 0.9, ""하트형"": 0.85, ""다이아몬드"": 0.85}",,/static/hair/F022.jpg,,"잔머리 하나 없이 곧게 쭉 뻗은 생머리로 트렌디의 정점 (무드: y2k, 힙함, 시크 / 시술·스타일링: 매직 스트레이트, 오일 시술)"
F023,그레이스 펌,female,long,wavy,"{""계란형"": 1.0, ""둥근형"": 0.95, ""사각형"": 0.85, ""긴형"": 0.8, ""하트형"": 0.9, ""다이아몬드"": 0.9}",,/static/hair/F023.jpg,,"위에서부터 굵고 풍성하게 흐르는 정통 에스컬 물결 웨이브 (무드: 고혹적, 우아함 / 시술·스타일링: 셋팅 펌, 대형 롤 드라이)"
F024,젤리 펌,female,long,wavy,"{""계란형"": 0.95, ""둥근형"": 0.95, ""사각형"": 0.85, ""긴형"": 0.65, ""하트형"": 0.8, ""다이아몬드"": 0.85}",,/static/hair/F024.jpg,,"히피펌보다는 굵지만 일반 펌보단 자잘하게 흐르는 트렌디 웨이브 (무드: 키치함, 발랄함 / 시술·스타일링: 트위스트 셋팅 펌)"
F025,구름 펌,female,long,wavy,"{""계란형"": 1.0, ""둥근형"": 0.95, ""사각형"": 0.85, ""긴형"": 0.8, ""하트형"": 0.9, ""다이아몬드"": 0.9}",,/static/hair/F025.jpg,,"마치 뭉게구름처럼 몽글몽글하고 부드러운 대형 웨이브 스타일 (무드: 몽환적, 청순함 / 시술·스타일링: 에어 펌, 컬 크림)"
F026,히메 컷,female,long,straight,"{""계란형"": 0.95, ""둥근형"": 0.8, ""사각형"": 0.6, ""긴형"": 0.9, ""하트형"": 0.85, ""다이아몬드"": 0.85}",,/static/hair/F026.jpg,,"긴 생머리에 옆머리를 턱선이나 뺨 라인에서 일자로 뚝 자른 컷 (무드: 유니크, 만화무드 / 시술·스타일링: 스트레이트 컷, 고데기)"
F027,긴머리 허쉬컷,female,long,straight,"{""계란형"": 0.95, ""둥근형"": 0.85, ""사각형"": 0.9, ""긴형"": 0.85, ""하트형"": 0.8, ""다이아몬드"": 0.9}",,/static/hair/F027.jpg,,"가볍게 날리는 깃털 같은 질감으로 긴머리의 무게감을 줄인 스타일 (무드: 퇴폐미, 스타일리시 / 시술·스타일링: 샤기 컷, 질감 에센스)"
F028,발레아쥬 레이어드,female,long,straight,"{""계란형"": 1.0, ""둥근형"": 0.9, ""사각형"": 0.85, ""긴형"": 0.85, ""하트형"": 0.85, ""다이아몬드"": 0.9}",,/static/hair/F028.jpg,,"세로 가닥가닥 하이라이트 염색을 더해 입체감을 준 긴머리 (무드: 이국적, 화려함 / 시술·스타일링: 탈색, 솜브레/발레아쥬)"
F029,페닝 펌,female,long,straight,"{""계란형"": 0.95, ""둥근형"": 0.85, ""사각형"": 0.8, ""긴형"": 0.85, ""하트형"": 0.85, ""다이아몬드"": 0.85}",,/static/hair/F029.jpg,,"스트레이트하게 흐르다가 끝부분만 아주 크게 큰 포물선을 그리는 펌 (무드: 미니멀, 모던 / 시술·스타일링: 볼륨매직 셋팅)"
F030,레인 펌 (롱),female,long,wavy,"{""계란형"": 0.95, ""둥근형"": 0.9, ""사각형"": 0.8, ""긴형"": 0.7, ""하트형"": 0.8, ""다이아몬드"": 0.85}",,/static/hair/F030.jpg,,"긴 기장에서 비가 내리듯 촉촉하고 균일하게 떨어지는 잔물결 웨이브 (무드: 몽환적, 청순 / 시술·스타일링: 디지털 펌, 수분 에센스)"
F031,긴머리 히피펌,female,long,wavy,"{""계란형"": 0.9, ""둥근형"": 0.9, ""사각형"": 0.85, ""긴형"": 0.65, ""하트형"": 0.75, ""다이아몬드"": 0.8}",,/static/hair/F031.jpg,,"긴 머리 전체에 뿌리부터 촘촘한 히피 컬을 넣은 보헤미안 스타일 (무드: 자유분방, 아티스트 / 시술·스타일링: 열펌 히피, 컬크림 필수)"
F032,레트로 뮬렛컷,female,long,straight,"{""계란형"": 0.9, ""둥근형"": 0.75, ""사각형"": 0.8, ""긴형"": 0.85, ""하트형"": 0.75, ""다이아몬드"": 0.8}",,/static/hair/F032.jpg,,"앞옆머리는 레이어드로 치고 뒷머리 기장감을 대폭 살린 긴머리 (무드: 개성적, y2k / 시술·스타일링: 허쉬 컷, 매트 왁스)"
F033,에어 펌,female,long,wavy,"{""계란형"": 1.0, ""둥근형"": 0.9, ""사각형"": 0.85, ""긴형"": 0.85, ""하트형"": 0.85, ""다이아몬드"": 0.9}",,/static/hair/F033.jpg,,"공기감이 가득 들어가 한 듯 안 한 듯 내추럴하게 흐르는 웨이브 (무드: 꾸안꾸, 청순정석 / 시술·스타일링: 에어 펌, 가벼운 오일)"
F034,샌드 컷,female,long,straight,"{""계란형"": 0.95, ""둥근형"": 0.85, ""사각형"": 0.85, ""긴형"": 0.85, ""하트형"": 0.85, ""다이아몬드"": 0.85}",,/static/hair/F034.jpg,,"모발 끝부분을 모래알처럼 가볍게 흩날리게 질감 처리한 레이어드 (무드: 시크, 세련됨 / 시술·스타일링: 포인팅 커트, 폴리쉬 오일)"
F035,슬릭 백 롱,female,long,straight,"{""계란형"": 0.95, ""둥근형"": 0.55, ""사각형"": 0.5, ""긴형"": 0.65, ""하트형"": 0.8, ""다이아몬드"": 0.8}",,/static/hair/F035.jpg,,"올백 스타일로 시크하게 뒤로 넘겨 묶거나 고정한 긴머리 (무드: 카리스마, 포멀 / 시술·스타일링: 강력 고정 스프레이, 젤)"
F036,물결 펌 (웨이브),female,long,wavy,"{""계란형"": 0.95, ""둥근형"": 0.95, ""사각형"": 0.8, ""긴형"": 0.7, ""하트형"": 0.85, ""다이아몬드"": 0.85}",,/static/hair/F036.jpg,,"전체 가닥이 평행하게 일정한 물결 굴곡을 그리는 러블리 펌 (무드: 러블리, 아이돌 / 시술·스타일링: 물결 고데기 스타일링, 펌)"
F037,링클 펌,female,long,wavy,"{""계란형"": 0.95, ""둥근형"": 0.85, ""사각형"": 0.8, ""긴형"": 0.75, ""하트형"": 0.8, ""다이아몬드"": 0.8}",,/static/hair/F037.jpg,,"가볍게 구겨진 듯한 텍스처로 빈티지한 멋을 살린 프리한 웨이브 (무드: 내추럴, 스트릿 / 시술·스타일링: 텍스처 펌, 무스 에센스)"
F038,본드 펌,female,long,straight,"{""계란형"": 1.0, ""둥근형"": 0.8, ""사각형"": 0.75, ""긴형"": 0.85, ""하트형"": 0.85, ""다이아몬드"": 0.85}",,/static/hair/F038.jpg,,"모발의 결을 아주 매끄럽게 정돈하면서 끝단에만 무게감을 준 펌 (무드: 도시적, 차분함 / 시술·스타일링: 매직 셋팅 펌)"
F039,파도 펌,female,long,wavy,"{""계란형"": 1.0, ""둥근형"": 0.95, ""사각형"": 0.85, ""긴형"": 0.75, ""하트형"": 0.9, ""다이아몬드"": 0.9}",,/static/hair/F039.jpg,,"물결펌보다 컬의 크기가 훨씬 크고 깊어 파도처럼 치는 웨이브 (무드: 글래머러스, 화려함 / 시술·스타일링: 굵은 디지털 펌)"
F040,트위드 펌,female,long,wavy,"{""계란형"": 0.95, ""둥근형"": 0.9, ""사각형"": 0.85, ""긴형"": 0.7, ""하트형"": 0.8, ""다이아몬드"": 0.85}",,/static/hair/F040.jpg,,"트위드 자켓의 조직감처럼 촘촘하고 입체적인 믹스 컬 스타일 (무드: 고급스러움, 클래식 / 시술·스타일링: 디지털 컬 펌)"
